cell_id,batch,cycle_life,charging_policy,mean_QD,std_QD,QD_slope,deltaQ_mean,deltaQ_std,deltaQ_var,deltaQ_min,deltaQ_max,deltaQ_range,mean_IR,IR_slope,mean_Tavg,mean_Tmax,max_Tmax,mean_chargetime
2017-05-12_cell_0,2017-05-12,1190.0,3_6C-80PER_3_6C,0.28030256556457994,0.017804403805882673,-7.442938176446759e-05,-0.0028734152246919164,0.003108633182730208,9.663600264771342e-06,-0.008459642934268818,0.0007679306774941441,0.009227573611762963,0.01664332204040404,-6.107912059367798e-07,31.603747328822767,35.376748303030304,35.994705,13.384230505050484
2017-05-12_cell_1,2017-05-12,1179.0,3_6C-80PER_3_6C,0.28046627658194256,0.004919837071042843,7.2473868508189875e-06,-0.00409961462134519,0.003111861011814637,9.683678956852016e-06,-0.011003816596621974,-8.800451256757524e-05,0.010915812084054398,0.016921770387755098,8.622394481933315e-07,31.33031430692745,34.16065478787879,34.712265,13.374696464646446
2017-05-12_cell_2,2017-05-12,1177.0,3_6C-80PER_3_6C,0.28120721351434896,0.004877677056844027,3.1744984883168015e-05,-0.004486734282886989,0.004280555467426045,1.8323155109711005e-05,-0.017216391849644463,1.252405183928737e-05,0.01722891590148375,0.016768978602040817,1.1628344764980238e-06,31.47958411321121,34.54464383838384,35.127342,13.378886329966337
2017-05-12_cell_3,2017-05-12,1226.0,4C-80PER_4C,0.2862389101831063,0.005597804220007156,1.0051434753260764e-05,-0.007455784700018413,0.0060074936491742855,3.608997994486938e-05,-0.018960539773269502,0.0001820400912558392,0.01914257986452534,0.016310912734693876,8.373194277782742e-07,29.942198807956427,30.662263141414144,31.691414,12.053277171717166
2017-05-12_cell_4,2017-05-12,1227.0,4C-80PER_4C,0.28503435308922925,0.006009013506189189,-4.631548401078641e-05,-0.005750008121960181,0.0047438196514703376,2.2503824885676158e-05,-0.013957995093677344,4.553514587814266e-05,0.014003530239555487,0.016668886163265305,2.7681461897321886e-07,31.44888383416564,34.38251588888889,35.651741,12.053313636363642
2017-05-12_cell_5,2017-05-12,1074.0,4_4C-80PER_4_4C,0.2885142360778855,0.005625515957490512,-6.61384816074825e-06,-0.01107391297973859,0.008138812030045434,6.624026126041227e-05,-0.025178778949337288,0.00023711126592161497,0.025415890215258904,0.016270388575757577,-1.8453287569578261e-07,30.92149771366389,33.02000678787879,34.654667,15.07576803030309
2017-05-12_cell_6,2017-05-12,636.0,4_8C-80PER_4_8C,0.2918888352135679,0.005063547112634195,-3.235058992576767e-05,-0.015965056248274823,0.013048513820444058,0.00017026371292231957,-0.03788603931347978,6.203428184438494e-05,0.037948073595324164,0.01667571006122449,-1.0857584646642946e-06,32.27384521945563,35.79263145454546,36.496124,10.04485760942758
2017-05-12_cell_7,2017-05-12,870.0,4_8C-80PER_4_8C,0.2934945453271809,0.005635906643261695,-3.508198597634307e-05,-0.016645727245619735,0.01239529768807056,0.00015364340477588736,-0.03823338650707442,-0.00014005599933485997,0.03809333050773956,0.016213918408163264,7.91113572099111e-07,31.990084509217034,35.32269474747474,36.053928,10.044094528619514
2017-05-12_cell_8,2017-05-12,879.0,5_4C-40PER_3_6C,0.28784419605623096,0.0053068952707994764,-7.043389878740044e-06,-0.012818967232022799,0.009986256011781672,9.97253091328456e-05,-0.030807702259195047,8.354872197383133e-06,0.03081605713139243,0.016711705707070708,1.3837452813852594e-06,32.076506270161325,34.45206194949494,35.160984,11.24361163299663
2017-05-12_cell_9,2017-05-12,1054.0,5_4C-40PER_3_6C,0.2876118748719942,0.005541967271290171,-5.928723529709658e-05,-0.011510600568480111,0.009339167424245435,8.72200481780871e-05,-0.028724475696229934,-3.762094120557906e-05,0.028686854755024357,0.01683536523232323,9.212573654916149e-07,32.64153361126789,35.98493365656566,36.799232,11.241857609427619
2017-05-12_cell_10,2017-05-12,906.0,5_4C-50PER_3C,0.28528803635641076,0.005065723569802323,-3.611965180107058e-05,-0.010668007843734223,0.00974346493973917,9.493510903192643e-05,-0.026992931922526497,0.00012131503750222023,0.027114246960028718,0.01656396842857143,1.6342954558642177e-06,33.208150668462316,36.87145022222223,37.614693,11.688040235690274
2017-05-12_cell_11,2017-05-12,788.0,5_4C-50PER_3C,0.2813966888092107,0.005715323977042547,-3.7822293735661e-05,-0.008378205102529986,0.008444068247508568,7.130228856858242e-05,-0.023691513033622602,0.0005818342431713752,0.024273347276793977,0.016200727826530613,-2.6943712903122494e-07,32.75932260623101,36.23175358585859,37.128967,11.684114427609464
2017-05-12_cell_12,2017-05-12,902.0,5_4C-50PER_3_6C,0.28824791905636515,0.004846301964536823,-3.612569365714494e-05,-0.011237958333707347,0.008657742713190541,7.495650888780392e-05,-0.027438869587688153,-8.11255733985716e-06,0.027430757030348297,0.01643905623232323,8.569435992577856e-07,33.4580219141428,37.448847525252525,38.354816,10.68385405723906
2017-05-12_cell_13,2017-05-12,897.0,5_4C-50PER_3_6C,0.2877324575936788,0.004449779239019653,-1.442714625038055e-05,-0.013148734381658471,0.009462301264631719,8.953514522265102e-05,-0.029137075239816568,-0.00016971032187567986,0.02896736491794089,0.01703655094949495,1.0355082498453988e-06,32.09216634315908,34.67959250505051,35.892479,10.685353013468022
2017-05-12_cell_14,2017-05-12,880.0,5_4C-60PER_3C,0.2860478157689961,0.004858934748602724,-1.7885210981468545e-05,-0.011946218223467892,0.009483422075848649,8.993529426869348e-05,-0.0282939556930506,-9.331125516033449e-06,0.028284624567534566,0.016975001838383838,-7.309511441002062e-09,33.07746279993842,36.63094507070707,37.818813,14.925935387205387
2017-05-12_cell_15,2017-05-12,719.0,5_4C-60PER_3C,0.2859735309671726,0.004748009341238932,-4.095614311023393e-05,-0.011013089313180444,0.009795473824058336,9.595130743781206e-05,-0.02894455469678503,-0.00012937837624389713,0.028815176320541133,0.016839986434343434,5.750906988249339e-07,33.147720104395674,37.056188636363636,38.47617,14.92770846801342
2017-05-12_cell_16,2017-05-12,862.0,5_4C-60PER_3_6C,0.28870662129319147,0.005213079274005498,-3.6113608472322656e-05,-0.012403806163792485,0.008918527633297722,7.954013514589506e-05,-0.027606674842371115,-9.636798054776953e-05,0.027510306861823347,0.016697524142857145,1.025671706546603e-06,32.41716254671688,35.85141423232323,37.566532,10.12547436026938
2017-05-12_cell_17,2017-05-12,857.0,5_4C-60PER_3_6C,0.2893847990460795,0.00468199220169119,-4.0596844536242394e-05,-0.013343115757399526,0.010349521579645337,0.00010711259692754453,-0.031067967108938555,-1.5841950119365806e-05,0.03105212515881919,0.016676227535353534,1.529045318491073e-06,32.088753858534446,35.43276257575758,37.208405,10.13811205387206
2017-05-12_cell_18,2017-05-12,691.0,5_4C-70PER_3C,0.3807011574092405,0.21224907965477985,-0.0037043350389357847,-0.02070238680333876,0.014960969150459302,0.00022383059792099492,-0.04413321540827286,-7.0900211378374265e-06,0.04412612538713503,0.018004754414141413,-5.991890807668526e-05,31.831057275618022,35.415118353535355,36.084282,9.925956313131316
2017-05-12_cell_19,2017-05-12,788.0,5_4C-70PER_3C,0.2910219787688593,0.0048717022586483505,-6.478882400327173e-05,-0.020106274821769736,0.015489827676437945,0.00023993476144574294,-0.04589269342650848,2.1077895370541288e-05,0.04591377132187902,0.01632486908080808,8.96464860853479e-07,33.044085397077396,36.83902758585858,37.49086,9.930255336700304
2017-05-12_cell_20,2017-05-12,534.0,5_4C-80PER_5_4C,0.29306344466765866,0.0060944807473246095,-0.00011409809518920288,-0.03279598300714767,0.02071959656250491,0.00042930168171296525,-0.06358042689660326,1.8427258121377196e-05,0.06359885415472463,0.015210366091836734,-3.3914779598433274e-06,32.15292201754506,34.92834715151515,35.504932,9.027207626262616
2017-05-12_cell_21,2017-05-12,559.0,5_4C-80PER_5_4C,0.2949631290613827,0.005363493764524789,-8.140148721906939e-05,-0.030657577112710634,0.02112666637798152,0.00044633603224653485,-0.06472026276575493,-3.84488197064381e-05,0.0646818139460485,0.015090236234693875,4.118161608278935e-07,33.13697371135653,36.94892544444444,37.615559,8.987271380471347
2017-05-12_cell_22,2017-05-12,891.0,6C-30PER_3_6C,0.28376737498936727,0.004956964226658676,-3.3383195604765345e-05,-0.014716371313208602,0.010566123034936408,0.00011164295598941376,-0.032147144008991324,-0.0001204832637033784,0.03202666074528795,0.0165919733030303,1.2118029189856922e-06,32.84391283877385,36.64192422222223,37.758316,11.46291215488218
2017-05-12_cell_23,2017-05-12,1014.0,6C-30PER_3_6C,0.2833023138121615,0.004697841827005567,-2.7986741368156975e-05,-0.013340620512360239,0.009541203928808278,9.103457241110652e-05,-0.029953516931757296,-0.00010798210767425907,0.029845534824083038,0.016824002585858585,1.389480457637566e-06,31.99077454717494,34.8727843939394,36.165897,11.458691784511789
2017-05-12_cell_24,2017-05-12,1017.0,6C-40PER_3C,0.27935249507558996,0.004842212620111334,-5.768973262725562e-05,-0.013873507013282613,0.010731705300813243,0.00011516949866350308,-0.03184213409789827,-0.0001502298216001583,0.03169190427629811,0.016587448888888887,1.5595947186147017e-06,33.378063951824195,36.866496545454545,37.596226,12.128487205387225
2017-05-12_cell_25,2017-05-12,854.0,6C-40PER_3C,0.28199627556615997,0.004740795766400258,-2.604934299922492e-05,-0.012406193052887388,0.009684018038400122,9.378020536805894e-05,-0.02944117289056547,-9.82594134391011e-05,0.029342913477126368,0.0165961417979798,1.3856464687692735e-06,33.848557073949294,37.990239878787875,38.670872,12.137498080808081
2017-05-12_cell_26,2017-05-12,870.0,6C-40PER_3_6C,0.29003261434035815,0.004792390078484052,-6.187870027750259e-06,-0.01785015712562481,0.012658726058558622,0.00016024334542563112,-0.03835445363245393,-0.00014281782944804285,0.03821163580300589,0.016285491838383837,1.6321409894866689e-06,33.15641406115227,36.41381293939394,37.077717,10.800664208754247
2017-05-12_cell_27,2017-05-12,842.0,6C-40PER_3_6C,0.287624373530406,0.005031023636244413,-4.012186894520128e-05,-0.01551418714665611,0.011834458743150216,0.00014005441374332457,-0.03583211964634625,0.0001835965536658858,0.036015716200012135,0.01609890666666667,1.8507288682745969e-06,33.89497000372245,37.51131004040404,38.178074,10.803712340067367
2017-05-12_cell_28,2017-05-12,860.0,6C-50PER_3C,0.28535786599999424,0.004429761026582567,-3.612127118332755e-05,-0.016698122755162716,0.01195760205782181,0.00014298424697322437,-0.03721348031974192,-8.380384514080974e-06,0.03720509993522784,0.01668003754545454,2.073844860853461e-06,33.773800525042,37.491157878787874,38.303513,11.138253585858592
2017-05-12_cell_29,2017-05-12,917.0,6C-50PER_3C,0.28388673871088727,0.0054560371134677035,-9.032820135996533e-05,-0.01660052342693117,0.012046451806721202,0.0001451170011316565,-0.036868449881918286,0.00014622642198592996,0.03701467630390422,0.016545523626262625,1.8976728633271178e-06,32.70415601771739,35.39940990909091,36.258759,11.151875336700314
2017-05-12_cell_30,2017-05-12,709.0,6C-50PER_3_6C,0.29155302020926605,0.005187732612692303,-5.513056135046872e-05,-0.017719122166801278,0.013416844644574263,0.00018001172021664107,-0.04081538502439652,-5.329710878929265e-05,0.04076208791560723,0.01600942625252525,1.8543058256030244e-06,33.54008830692456,36.797617333333335,37.483994,10.124524292929316
2017-05-12_cell_31,2017-05-12,876.0,6C-50PER_3_6C,0.29003742931611887,0.005400596911275174,-0.00010320751018838975,-0.017983588803246863,0.012916168081068958,0.00016682739789842456,-0.03947820648424727,0.00024625150422956854,0.03972445798847684,0.016865566141414143,1.378544131106959e-06,30.375396745150564,30.709141161616163,31.658901,10.126957558922545
2017-05-12_cell_32,2017-05-12,731.0,6C-60PER_3C,0.29016728269983183,0.004889091127134404,-2.977003299182722e-05,-0.020730273837007353,0.015023400723607456,0.00022570256930208902,-0.04556628526257467,-5.0009978621518e-05,0.04551627528395315,0.016167064252525253,1.8989050092765184e-06,33.08050304573434,36.23561784848484,37.14436,10.129902676767715
2017-05-12_cell_33,2017-05-12,757.0,6C-60PER_3C,0.29103977423175187,0.004576251147943465,-4.206385716639133e-05,-0.021651569301358076,0.01467138795255144,0.00021524962445427153,-0.044901781211682756,-5.389082774078465e-05,0.04484789038394197,0.016483775656565655,1.152177823129343e-06,33.67169761442224,37.731304424242424,38.728722,10.129993047138067
2017-05-12_cell_34,2017-05-12,742.0,7C-30PER_3_6C,0.28174192073191767,0.005787628432612034,-9.849863478618952e-05,-0.016080359430316875,0.011903972680340772,0.00014170456557429945,-0.037218141748807665,0.00013834274344112118,0.037356484492248786,0.01685519708080808,1.4302222387136952e-06,32.66455167507311,36.08252629292929,37.240925,11.035507962962974
2017-05-12_cell_35,2017-05-12,703.0,7C-30PER_3_6C,0.28420457644386493,0.005013036228037459,-4.114406050710104e-05,-0.018223341654084003,0.0129926306365368,0.00016880845085747467,-0.039152034335048436,-2.7439033630668216e-05,0.03912459530141777,0.016967092292929295,2.0468191341992143e-06,32.09733437854189,34.87752171717172,36.075569,11.036444074074083
2017-05-12_cell_36,2017-05-12,704.0,7C-40PER_3C,0.28403438459778757,0.0048095048933909975,-4.357447039876586e-05,-0.02104235085802675,0.014630168521871538,0.00021404183097836082,-0.044621405961221994,-1.3523853786503152e-05,0.04460788210743549,0.016437746262626264,2.4261424366109324e-06,32.04688205693082,33.970878757575754,34.868446,11.554803670033683
2017-05-12_cell_37,2017-05-12,648.0,7C-40PER_3C,0.2840092475158212,0.004976793870818386,-5.411573824228496e-05,-0.019436824634916583,0.014555614781623408,0.00021186592167101386,-0.044544784957630146,-0.00017811853868847618,0.04436666641894167,0.01654642202020202,2.155007705627657e-06,32.95969887229894,36.05156987878787,36.993626,11.561455202020227
2017-05-12_cell_38,2017-05-12,617.0,7C-40PER_3_6C,0.28827679189092736,0.004959037377785562,-4.3554417754551604e-05,-0.026764193834967424,0.019207724292146143,0.00036893667248310104,-0.05641559694699583,8.902719902493308e-05,0.05650462414602076,0.01621205696969697,2.4956121335805413e-06,33.69474656343401,37.29856363636363,37.995705,10.23158840067342
2017-05-12_cell_39,2017-05-12,625.0,7C-40PER_3_6C,0.28957108952226945,0.0051563100255487635,-4.525492895248081e-05,-0.024440041487006035,0.017690216164370193,0.0003129437479421444,-0.053143954091811496,-6.723912969123124e-05,0.05307671496212026,0.016691104555555555,2.623256042053115e-06,33.50643317156701,37.403860242424244,38.024876,10.242025976430945
2017-05-12_cell_40,2017-05-12,966.0,8C-15PER_3_6C,0.282310853432358,0.0049494908875019955,-2.6591570638783096e-05,-0.012628807847703542,0.009384122046529119,8.806174658415387e-05,-0.02909570881628587,-1.2058511917748113e-05,0.029083650304368124,0.01667927321212121,1.9379450340135345e-06,33.45968416375564,37.756139949494944,38.388569,12.087224326599337
2017-05-12_cell_41,2017-05-12,1051.0,8C-15PER_3_6C,0.27983210143162984,0.005436011614753148,-4.631915707432887e-05,-0.012358568562846162,0.00920964766013866,8.48176100238975e-05,-0.02850629135902205,2.218394459089346e-05,0.028528475303612945,0.016744890505050507,1.5742043166356526e-06,33.07332253245542,36.8232453030303,37.576675,12.091290892255918
2017-05-12_cell_42,2017-05-12,702.0,8C-25PER_3_6C,0.28433418379119707,0.004692090825750021,-3.8330120409450864e-05,-0.020599210252813277,0.014691701886352647,0.00021584610431745794,-0.04470964572873015,-0.0002104370037568757,0.044499208724973274,0.01671562283838384,2.648428027210828e-06,33.58506724391689,37.673212,38.397423,11.178124326599383
2017-05-12_cell_43,2017-05-12,651.0,8C-25PER_3_6C,0.2825878314780766,0.004558913031092837,-1.0778380469338436e-05,-0.019165626778476195,0.014659206551211425,0.00021489233671107995,-0.044605890152637384,-3.940573486494126e-05,0.044566484417772445,0.016104855565656565,2.60147837971548e-06,33.339782658681436,36.82060524242424,37.725166,11.17782324915825
2017-05-12_cell_44,2017-05-12,616.0,8C-35PER_3_6C,0.2870491324035244,0.004330794342970687,-5.1845244724616856e-05,-0.029329092901317067,0.019482738329137973,0.0003795770928016619,-0.05879707165403769,-0.0001624503544244773,0.058634621299613214,0.01741384996969697,2.926151341991355e-06,32.55333216968653,35.79095866666667,36.804283,10.258049427609434
2017-05-12_cell_45,2017-05-12,599.0,8C-35PER_3_6C,0.28532529279661417,0.005181746524021111,-6.068677373714005e-05,-0.02886609052113574,0.019380004883475795,0.0003755845892835457,-0.059403509916114317,0.00010571722070946006,0.05950922713682378,0.016674251585858585,3.0135811750153332e-06,33.0005473910965,36.69642807070708,37.855122,10.257274326599303
2018-02-20_cell_0,2018-02-20,477.0,5_2C_58PER_4C,0.32837466241953545,0.012800709763774662,-4.2582570860734985e-05,-0.025801000173386008,0.018045445234188193,0.0003256380937000854,-0.055061277717081025,-9.521354407294514e-05,0.05496606417300808,0.01733813236,2.085062718271782e-06,31.807497385473816,35.36194140015722,36.404427,10.173261300000107
2018-02-20_cell_1,2018-02-20,491.0,5_6C_26PER_4_5C,0.25100237267423564,0.0038599856643379937,-6.381695885850128e-05,-0.035595007639683186,0.022437492319572143,0.0005034410615908589,-0.0661147205894651,7.108555611635758e-05,0.06618580614558146,0.01755915909,-3.933053003300214e-06,33.59830289682961,36.44809667816464,37.4468,10.19907416666656
2018-02-20_cell_2,2018-02-20,424.0,5_2C_50PER_4_25C,0.3304567005640967,0.006203905050212125,-1.9716741249278143e-05,-0.025013386420214043,0.01861554765902094,0.00034653861464528006,-0.052717818544041395,-9.348703145968057e-05,0.05262433151258172,0.016463414620000002,7.26778253825362e-07,33.17756576063981,37.427644510910824,38.33985803206289,10.175027650000057
2018-02-20_cell_3,2018-02-20,499.0,4_65C_44PER_5C,0.33221168681920565,0.0044183782916319796,6.000353971250188e-06,-0.020089882918698704,0.01785987855909978,0.000318975262145792,-0.05586845261151374,-3.60397413177497e-05,0.05583241287019599,0.015916925550000002,1.2561278907891252e-06,33.93958543884461,38.77312907194259,39.422000644443116,10.173197350000047
2018-02-20_cell_4,2018-02-20,444.0,4_65C_69PER_6C,0.31196605590410803,0.009395458388084124,-0.00010293233336244307,-0.034781796484889084,0.024196168146335347,0.0005854545529657333,-0.07029720690084085,0.00013025762408843224,0.07042746452492928,0.01619582082,-5.299308418841867e-06,33.05027186948681,37.43383570894893,38.209395652763355,10.231934299999951
2018-02-20_cell_5,2018-02-20,416.0,3_6C_30PER_6C,0.3212626348974252,0.007363974492213951,-0.00022069578572653684,-0.04648540460048997,0.0286456801144953,0.0008205749892219913,-0.08615002847927744,2.920642290152572e-05,0.08617923490217896,0.015306582499999999,-4.162830795079409e-06,33.01550370431462,37.64690458017922,38.388368590154755,10.198507216666679
2018-02-20_cell_6,2018-02-20,393.0,3_6C_9PER_5C,0.3352994416464155,0.004406693626576665,-4.2083625905255884e-05,-0.02082479246051704,0.017178298963870704,0.00029509395529212125,-0.04987247893740465,6.053608010545594e-05,0.04993301501751011,0.01604186506,-1.141684428442742e-06,33.81745006948466,39.79549926626684,40.4669448483313,10.179292016666743
2018-02-20_cell_7,2018-02-20,777.0,4_8C_80PER_4_8C_NEWSTRUCTURE,0.31144275231024215,0.007730891311238165,2.151775568049037e-05,-0.008823099834708447,0.007658874533680825,5.865835912266468e-05,-0.021737979924043582,0.00018215769615613552,0.021920137620199717,0.014790600069999998,-2.6019795979538105e-08,33.766912217149354,37.14445502401018,37.918381,10.035779716666658
2018-02-20_cell_8,2018-02-20,904.0,5_2C_58PER_4C_NEWSTRUCTURE,0.3110736630852784,0.002636309470766643,-4.529235042960527e-06,-0.011203415580045945,0.008887687170060894,7.899098323286501e-05,-0.027841110945332148,7.99459666896464e-05,0.027921056912021795,0.01646674221,5.509126852685809e-07,33.59821236744562,35.677756334230715,36.451335340457405,10.039867333333332
2018-02-20_cell_9,2018-02-20,791.0,5_6C_26PER_4_5C_NEWSTRUCTURE,0.3127791980632001,0.0028624530490887583,2.2951654874303363e-05,-0.007446960333569007,0.0067264692113935855,4.5245388051825846e-05,-0.019754152325308416,0.007641342941403423,0.02739549526671184,0.01539659944,6.905356735674604e-07,32.35755295299843,33.59605648813232,35.00847845562602,10.039938566666658
2018-02-20_cell_10,2018-02-20,492.0,4_8C_80PER_4_8C,0.3313400421209771,0.005487578839223603,1.879800851728283e-05,-0.02952029629956943,0.01881698086828442,0.00035407876899738185,-0.05580244986198335,-3.745489361485022e-05,0.0557649949683685,0.01706057563,4.932053405335145e-08,31.720671317513244,34.35420149165315,35.078796,10.169517366666604
2018-02-20_cell_11,2018-02-20,449.0,5_2C_50PER_4_25C,0.3246042165243268,0.004399548339252516,1.0561135463875246e-05,-0.024012633467613776,0.018084370230729268,0.000327044446642087,-0.05489875594719695,-7.08192254983666e-05,0.054827936721698584,0.01721904361,3.3017054125412407e-06,33.14963101101539,37.949925321805395,39.423817,10.17388110000002
2018-02-20_cell_12,2018-02-20,466.0,4_65C_44PER_5C,0.32866176092305766,0.01315928592214818,-3.805740506806713e-05,-0.03939759227215439,0.026062484613553163,0.0006792531042316953,-0.07733124344865683,2.5599653875487077e-05,0.07735684310253231,0.016529412549999997,-4.774210723072201e-06,31.316793895936517,33.597951965213426,35.747711,10.17485430000005
2018-02-20_cell_13,2018-02-20,460.0,4_65C_69PER_6C,0.3130685690512107,0.011620968284552197,-0.00013274521084227393,-0.0340700221226121,0.021270423605120513,0.00045243092034126796,-0.06467448840609535,2.057302958928932e-05,0.06469506143568464,0.01607549433,-5.745258247824818e-06,31.948019425910115,35.06856349287113,36.19238897679291,10.2140922166666
2018-02-20_cell_14,2018-02-20,426.0,3_6C_30PER_6C,0.3117908955709444,0.007269949416548326,-0.0001787929234252549,-0.04455576451036339,0.027589257770243753,0.0007611671443129553,-0.0837144352028476,-0.0001943753785575401,0.08352005982429006,0.0162701026,-4.640707698769854e-06,32.124753255414234,35.20006219179895,36.56760277779107,49.482795350000096
2018-02-20_cell_15,2018-02-20,396.0,3_6C_9PER_5C,0.3288757962936485,0.0034997017660568035,-4.994382744426957e-05,-0.024135288352654265,0.01745315865609385,0.0003046127470747836,-0.05093467639415561,-0.00010253456264084181,0.050832141831514764,0.016313907529999998,-4.761042442244134e-06,32.862312590345454,36.06955824939098,36.649116879455384,10.17305868333338
2018-02-20_cell_16,2018-02-20,472.0,4_8C_80PER_4_8C,0.3327499773387148,0.011680348620897792,-7.563682442848882e-06,-0.026244652410942607,0.01788790600184925,0.0003199771811309943,-0.0532543676756424,-0.00018833040630502525,0.053066037269337375,0.01749419094,-7.291041824182287e-07,32.76618715423966,36.98699901212051,37.601054318286856,10.171623783333347
2018-02-20_cell_17,2018-02-20,471.0,5_6C_26PER_4_5C,0.2590152825765657,0.0050631341846944225,-6.010516302706892e-05,-0.024346340387445996,0.017775750085383565,0.0003159772910980138,-0.05256239657553352,-8.595721552723563e-05,0.05247643936000629,0.01709369671,-2.2564457785777505e-06,32.98821355652246,34.74856366071168,35.36969,10.181189350000091
2018-02-20_cell_18,2018-02-20,449.0,5_2C_50PER_4_25C,0.32457653891437827,0.004048402770372287,-2.9655561413818588e-05,-0.016640891110932497,0.014007112988725734,0.00019619921427892916,-0.03974566910430133,0.00011606288549960105,0.03986173198980093,0.01664831154,1.599792967296801e-06,32.88628935898336,36.39882808811051,36.964727535985794,10.174147266666704
2018-02-20_cell_19,2018-02-20,392.0,6C_60PER_3C,0.33044983069660283,0.010931682755066379,-2.458309621062759e-06,-0.03430820779792184,0.022595450144506885,0.0005105543672328962,-0.06565175087353758,6.291054244101832e-05,0.0657146614159786,0.016718972760000003,2.3580593579359e-06,32.76991201802439,36.54390200243137,37.29125540144077,10.173766266666714
2018-02-20_cell_20,2018-02-20,489.0,5_2C_58PER_4C,0.3328212706260921,0.0030886298431103223,-9.609768800691278e-07,-0.024435139451588442,0.019025990882654626,0.0003619883290668569,-0.06050408803806073,-0.000196828332951257,0.06030725970510947,0.016612060669999998,2.564961962196375e-06,33.62225921545461,36.887813024693614,37.85651,49.397125683333336
2018-02-20_cell_21,2018-02-20,408.0,6C_60PER_3C,0.31950601462994543,0.0025812589336152475,-5.0837511742224654e-05,-0.03328855261100499,0.021710031940369624,0.0004713254868518693,-0.06446758204398206,-0.00014105578859591097,0.06432652625538615,0.01720174435,2.266505364536544e-06,33.59820005445401,38.6518784788995,39.554886,10.174718300000022
2018-02-20_cell_22,2018-02-20,,VARCHARGE_2C_100CYCLES,0.41296158917935943,0.00797420218802781,6.831899593762559e-05,-0.002618816303222525,0.004779865207972659,2.2847111406387513e-05,-0.006779169322993939,0.016036828717484575,0.022815998040478513,0.021770682,4.7716342593906645e-20,34.502712698156095,38.13150976710858,38.540268,33.57274644999992
2018-02-20_cell_23,2018-02-20,,VARCHARGE_4C_100CYCLES,0.4139208894380384,0.011750519751369225,0.00018505902737369836,-0.011590160361131023,0.006635487897855376,4.4029699642585154e-05,-0.01921756649136097,0.00031937761682577365,0.019536944108186745,0.02116088899999999,2.3858171296953323e-20,34.14729364226761,35.52716849132356,35.864387697699925,21.691731100000002
2018-02-20_cell_24,2018-02-20,514.0,4_8C_80PER_4_8C,0.3321273488331795,0.00883720849279726,5.993161239684966e-06,-0.02277147977476359,0.015120194088296018,0.00022862026926774183,-0.04572997432532899,6.422339966413571e-05,0.04579419772499313,0.01651723855,1.9915860186020645e-07,33.205124014909316,38.16546466536514,39.222355,10.169994666666671
2018-02-20_cell_25,2018-02-20,493.0,5_2C_58PER_4C,0.3328889473821572,0.008454318747789843,2.4388576234475787e-06,-0.023610982444417374,0.017090746597441777,0.0002920936192579677,-0.05050846489030969,-4.5340619104201576e-05,0.05046312427120549,0.01674229199,1.8675373477347898e-06,32.23892710270436,34.441815154393964,35.15638,10.172937516666643
2018-02-20_cell_26,2018-02-20,450.0,5_6C_26PER_4_5C,0.24883161794941028,0.0037328449189766143,-0.00010914370350324636,-0.03803854165400029,0.024489120946046893,0.0005997170447101127,-0.0733087791289827,-1.461487027885509e-05,0.07329416425870384,0.017708443810000002,-4.942493279327946e-06,33.76445582326918,36.92304607129649,38.98082610957073,49.42568144999996
2018-02-20_cell_27,2018-02-20,474.0,5_2C_50PER_4_25C,0.3306732681377618,0.009592502499593052,3.609613665004935e-05,-0.02468392780224258,0.0180675049989355,0.0003264347368865592,-0.05449125756065937,-3.926139249814915e-05,0.05445199616816122,0.01758962648,2.1585500630063483e-06,33.303981946117254,38.082671612305006,39.292397,10.174639799999882
2018-02-20_cell_28,2018-02-20,437.0,4_8C_80PER_4_8C,0.33313161110710593,0.003773041734413526,-8.126512932968431e-06,-0.027989332592662373,0.019422020824352758,0.00037721489290159214,-0.05649138678277321,-1.6725146193166066e-05,0.05647466163658005,0.016281175090000002,-2.979177767776723e-06,32.14418070388791,35.3302582161644,35.97005389341205,49.409072166666576
2018-02-20_cell_29,2018-02-20,452.0,5_2C_58PER_4C,0.334864132573517,0.010119747907138687,1.2886447035488408e-06,-0.02532223237657199,0.017614726746538883,0.0003102785983552323,-0.05263352953614442,-7.556575465258704e-05,0.05255796378149183,0.01673359061,2.247268580858275e-06,31.797456695109688,34.43331396225578,35.143738,10.173061883333311
2018-02-20_cell_30,2018-02-20,412.0,5_6C_26PER_4_5C,0.2462821610729623,0.00379942104655314,-0.00012039129099624364,-0.03965588948997046,0.025544371423600755,0.0006525149114268708,-0.07552303651130998,1.6768799842831208e-05,0.07553980531115281,0.016894066949999998,-7.169706504650379e-06,33.81003990939852,37.33979500154215,38.2883066025032,49.43361824999998
2018-02-20_cell_31,2018-02-20,425.0,5_6C_26PER_4_5C,0.24890032466739492,0.0028605067112719594,-5.512175065614387e-05,-0.030624456764042955,0.02107757213349644,0.00044426404704274566,-0.06422883358208353,0.0004689860046967753,0.06469781958678031,0.01633070732,-3.8392345514549584e-06,33.375923495204454,35.648417823524284,37.238895,10.194311699999947
2018-02-20_cell_32,2018-02-20,809.0,4_8C_80PER_4_8C_NEWSTRUCTURE,0.31086115501928135,0.004229566434021605,4.731255023756262e-06,-0.013389939833647101,0.008595416434396494,7.388118368069333e-05,-0.02746120651303563,-5.814087009912289e-05,0.027403065642936507,0.01481114372,-2.801334053404968e-07,32.16783240841186,33.94412444996172,34.753593,49.27513175000007
2018-02-20_cell_33,2018-02-20,1140.0,5_2C_58PER_4C_NEWSTRUCTURE,0.3039617538983153,0.004288020108180117,3.6478629666185524e-05,-0.011579541007786182,0.00765924285891027,5.866400117176798e-05,-0.024084742136216253,0.0023936440985986712,0.026478386234814924,0.01499290727,-7.70360696070109e-08,32.73895611525105,34.29814806747137,35.019115,10.039557949999924
2018-02-20_cell_34,2018-02-20,1186.0,5_6C_26PER_4_5C_NEWSTRUCTURE,0.2982354442076511,0.007951952843074747,-3.900283691478374e-05,-0.008120054579074073,0.005966331959763814,3.5597117054099105e-05,-0.01914294964399932,0.0013340518865872647,0.020477001530586583,0.014954353830000003,1.3299653765385962e-07,35.66583614425341,38.96627418693022,39.697674,49.2812586666667
2018-02-20_cell_35,2018-02-20,,VARCHARGE_6C_100CYCLES,0.35608790610208124,0.006657240592353721,-1.8684705208078375e-05,-0.044821244304517734,0.0245779422572006,0.000604075245598287,-0.07570840765806064,0.0002125234038513164,0.07592093106191196,0.020666520999999993,-4.7716342593906645e-20,36.50175433149703,38.37067410825434,39.534397,17.612362249999997
2018-02-20_cell_36,2018-02-20,,VARCHARGE_8C_100CYCLES,0.3186637058642114,0.008781612125218129,-0.000139652103384473,-0.08442876531435932,0.045450754317191394,0.002065771068001692,-0.1360257368450053,6.1084408759602e-06,0.13603184528588125,0.02033557,9.543268518781329e-20,38.55935886221206,41.3871334539639,42.888380722662205,16.29528071666668
2018-02-20_cell_37,2018-02-20,,3_6C_80PER_3_6C_SLOWCYCLE,0.31277175236211047,0.014658593482009652,9.04205603818133e-05,-0.0029820466170849703,0.004118077890082802,1.695856550878882e-05,-0.028681743378075525,4.525363294785714e-05,0.02872699701102338,0.017242516180000004,6.7630710471047435e-06,32.929452048618025,38.0085816232,39.1016536555162,18.172783016666813
2018-02-20_cell_38,2018-02-20,,4_8C_80PER_4_8C_SLOWCYCLE,0.3292316349238857,0.016676794846350436,6.0378911073415126e-05,-0.013148209711945616,0.007804136785826732,6.0904550971893996e-05,-0.03614952540357205,-0.00016131300857566625,0.03598821239499639,0.01658825556,3.8136108370837834e-06,36.68485345959224,400.0,400.0,14.869877166666718
2018-02-20_cell_39,2018-02-20,,3_6C_9PER_5C_SLOWCYCLE,0.31886420971626406,0.016557733703177403,1.289525324071921e-05,-0.03455301965015995,0.020830910518466618,0.0004339268330283632,-0.06095179783518334,-0.00019085176934269374,0.06076094606584065,0.016813597830000002,1.4233595499550634e-06,32.88418677825157,37.61655951405202,38.63601253667498,14.875160683333265
2018-02-20_cell_40,2018-02-20,,5_2C_58PER_4C_SLOWCYCLE,0.2867577127592422,0.016033279533847703,0.00021704052590333382,-0.02547583082825176,0.015856829696226402,0.0002514390480151275,-0.048163210220580344,-3.467626324198292e-05,0.04812853395733836,,,32.467598204820945,36.69653803638811,37.46236706873202,54.10118255000003
2018-02-20_cell_41,2018-02-20,442.0,5_6C_26PER_4_5C,0.21898358342855853,0.0022330071758192766,5.9446334792282215e-05,-0.037768291495701274,0.025930870417622588,0.0006724100406155343,-0.08093104924483763,-4.6344856152906764e-05,0.08088470438868473,,,30.20099354305731,32.73893316284874,34.98487001858617,49.423369649999984
2018-02-20_cell_42,2018-02-20,474.0,5_2C_50PER_4_25C,0.2999367236701186,0.011784386193596202,0.00013936494595001927,-0.02934071492636848,0.018142877824005862,0.0003291640157368037,-0.054167624970645756,-3.450833605905964e-05,0.0541331166345867,,,31.71041325336692,35.56989042695383,36.76044310987061,10.175117383333331
2018-02-20_cell_43,2018-02-20,1029.0,4_8C_80PER_4_8C_NEWSTRUCTURE,0.259360957083747,0.004374470898566174,7.802013837620287e-05,-0.00777834835139346,0.007313226691948413,5.3483284647826735e-05,-0.019164842112240565,0.010130506838166742,0.029295348950407307,,,33.91860336356293,36.959106807008,38.4212899272313,10.036757000000032
2018-02-20_cell_44,2018-02-20,841.0,5_2C_58PER_4C_NEWSTRUCTURE,0.2603289624175663,0.0018753946348628464,2.0683528828383283e-05,-0.008750572617170911,0.006572616002036624,4.3199281110227894e-05,-0.020302277620516618,0.00010670026400699112,0.02040897788452361,,,33.956934554468496,36.87556475443348,37.579971,49.26516493333332
2018-02-20_cell_45,2018-02-20,997.0,5_6C_26PER_4_5C_NEWSTRUCTURE,0.25833706728775174,0.0020702944548314597,1.9066804773108976e-05,-0.011157666285585534,0.008173207510565158,6.680132101075869e-05,-0.026670418787086536,4.7618008762400016e-05,0.026718036795848936,,,35.27071288818467,37.86716134641493,38.42024558425599,10.040191283333298
2018-02-20_cell_46,2018-02-20,503.0,4_8C_80PER_4_8C,0.29071722732868605,0.00632822556420617,0.00012173148220785031,-0.02283429863191323,0.017602016898413866,0.00030983099889204734,-0.05286240500828243,0.0021619334239458277,0.05502433843222826,,,29.88032329687331,31.00932954761403,31.867259462197975,49.40651875000001
2018-04-03_cell_0,2018-04-03,,VARCHARGE_2C_100CYCLES,0.43123071453010686,0.001734565511826951,-1.4209922804628456e-05,-0.0021351009602278872,0.0015838600842807966,2.5086127665779724e-06,-0.005305205048771411,0.004643905447142133,0.009949110495913543,,,33.756434206038946,38.202719862675096,44.53532341735203,24.209016333333352
2018-04-03_cell_1,2018-04-03,,VARCHARGE_4C_100CYCLES,0.38221477804152476,0.004911408163517564,-0.0001491120999898683,-0.031132686087801252,0.015963627164858264,0.0002548373922586007,-0.04369543576543877,6.004089928748148e-05,0.043755476664726255,,,33.24842910751382,35.52813557946563,38.13763,12.27061211666666
2018-04-12_cell_0,2018-04-12,1009.0,5C_67PER_4C_NEWSTRUCTURE,0.2963364651957787,0.0015772526779910994,7.709379119887258e-06,-0.01010217739369119,0.007541236568962176,5.687024898905241e-05,-0.02331165742747432,4.195191073483144e-05,0.023353609338209153,0.01523784218,-2.6974192619253713e-07,32.194399649744255,33.5588901505872,33.974361,10.042618066666668
2018-04-12_cell_1,2018-04-12,1063.0,5_3C_54PER_4C_NEWSTRUCTURE,0.2973302531667842,0.001647883979738964,-1.5869402643582557e-06,-0.009621018929360837,0.007198278489875553,5.181521321780508e-05,-0.022324177554068236,-0.00015211554022655574,0.02217206201384168,0.014986396479999999,1.5779235523568507e-07,34.83064985952504,37.98597183780659,38.707848,10.04138999999994
2018-04-12_cell_2,2018-04-12,1267.0,5_6C_19PER_4_6C_NEWSTRUCTURE,0.29821445211765796,0.003960069134822101,3.317134707043516e-05,-0.0026131423354832516,0.004076708933368694,1.6619555727408117e-05,-0.008648038341613706,0.010524237005879011,0.019172275347492718,0.014621522139999999,-1.5768989858985911e-06,36.78314566494338,40.51615446500352,41.645876083931206,10.043666483333297
2018-04-12_cell_3,2018-04-12,1115.0,5_6C_36PER_4_3C_NEWSTRUCTURE,0.29727721894249665,0.0015762777907812249,-6.38829488656948e-06,-0.010705414352713173,0.008743717444096716,7.645259474220121e-05,-0.026836614735112785,7.254636391688842e-05,0.026909161099029674,0.014999449849999999,6.804222202221108e-07,36.08627496168611,39.44593354194349,40.076626,10.041506500000025
2018-04-12_cell_4,2018-04-12,1048.0,5_6C_19PER_4_6C_NEWSTRUCTURE,0.299214179766839,0.0019016046626976991,9.660698211640908e-06,-0.01010643886890673,0.008142676169150403,6.630317519564988e-05,-0.024810275761238065,-4.890704243583474e-05,0.024761368718802232,0.015130787929999999,-5.563515751564656e-08,32.116221938163385,32.98179311458605,33.39357830787951,10.04558156666669
2018-04-12_cell_5,2018-04-12,828.0,5_6C_36PER_4_3C_NEWSTRUCTURE,0.2982025458018081,0.001436869135736927,4.732058651595631e-06,-0.011445765437692483,0.008765728448902952,7.683799523990656e-05,-0.025445098246365427,0.00021307872928851695,0.025658176975653944,0.015184480370000001,-3.4884623462338687e-07,35.55673795797331,39.68760790232446,40.19554382518285,10.042033966666736
2018-04-12_cell_6,2018-04-12,667.0,3_7C_31PER_5_9C_NEWSTRUCTURE,0.28551406481216124,0.0069997669113433785,-0.0001208804940860767,-0.028517561100453784,0.01726417793759377,0.00029805183986089944,-0.05320164659124538,0.00025720584764030684,0.053458852438885686,0.013728524289999997,2.718015091509162e-06,34.106830623582404,36.9848547328634,37.461433,10.080800200000038
2018-04-12_cell_7,2018-04-12,1836.0,4_8C_80PER_4_8C_NEWSTRUCTURE,0.2983249367412486,0.0019392180454275137,8.567643299750677e-06,-0.007037779014879844,0.005696772889803214,3.2453221357996856e-05,-0.017059021835070354,0.00016612471977571507,0.01722514655484607,0.01542963463,1.652641404140854e-07,32.796573540122225,34.274365488315254,34.60008198094648,11.040715933333365
2018-04-12_cell_8,2018-04-12,828.0,5C_67PER_4C_NEWSTRUCTURE,0.3016840700341011,0.0015971224688222827,8.233449397158511e-06,-0.011806368426415048,0.008997008303112354,8.094615840627263e-05,-0.026848970612832312,3.896464001430355e-06,0.026852867076833743,0.015255639590000002,-6.531397359735735e-07,33.054603185105975,35.07631520700576,35.5458971642776,10.043265533333383
2018-04-12_cell_9,2018-04-12,1039.0,5_3C_54PER_4C_NEWSTRUCTURE,0.3016888115754052,0.001266912772679444,-7.069406583294984e-06,-0.01447801181075607,0.010205905047944403,0.00010416049784765705,-0.0295752747869662,-0.00017198221252223697,0.029403292574443962,0.015799972080000002,3.912950135013527e-07,33.087905551872936,35.094569899072255,35.6854391223452,10.041160733333347
2018-04-12_cell_10,2018-04-12,1078.0,4_8C_80PER_4_8C_NEWSTRUCTURE,0.3000923197493741,0.0016464649270647813,-3.4418980684842584e-07,-0.008335183582489896,0.006227619043229481,3.8783238947594476e-05,-0.019093025885229542,-6.962870536587714e-05,0.019023397179863667,0.015374726730000003,-1.9171252925294358e-07,32.534149378796045,34.79030485135325,35.20887742320281,11.039600116666675
2018-04-12_cell_11,2018-04-12,817.0,5_6C_19PER_4_6C_NEWSTRUCTURE,0.30346222838961256,0.001249838702708455,-1.0709854392036743e-05,-0.015620691175653465,0.011416669207575862,0.00013034033579521087,-0.034087374997818,0.0001621390525086798,0.034249514050326675,0.01552572104,-1.465830183011867e-08,34.2024404879238,37.60510592572477,38.22832463770115,10.042450400000046
2018-04-12_cell_12,2018-04-12,932.0,5_6C_36PER_4_3C_NEWSTRUCTURE,0.302379569842259,0.001390092221432158,-1.977541051760489e-05,-0.01531489306361951,0.010631756260796616,0.00011303424118898805,-0.03173492178819726,-0.00010094321934228439,0.03163397856885497,0.01604917654,2.9435253525351105e-07,33.219414908227094,35.53857274944269,36.11585579982815,10.042451699999965
2018-04-12_cell_13,2018-04-12,816.0,5_6C_19PER_4_6C_NEWSTRUCTURE,0.2999983547321269,0.001670112158005631,-2.942052670624978e-05,-0.01176548019743392,0.008969469498406534,8.045138308284514e-05,-0.027646083960900736,-0.00013977091851407556,0.02750631304238666,0.01512986131,-9.506442544254408e-07,34.11454602993669,37.22804076197745,37.80334001741199,10.042356366666645
2018-04-12_cell_14,2018-04-12,858.0,5_6C_36PER_4_3C_NEWSTRUCTURE,0.3030144595753626,0.0015117193754342695,-8.744152486809087e-06,-0.013203557332650977,0.010003826535299392,0.00010007654534836023,-0.029282360362737236,8.776909781326705e-05,0.029370129460550502,0.015553500930000002,-8.697320732069552e-08,33.1189634917196,35.485201171755136,36.101499457512425,10.041865466666687
2018-04-12_cell_15,2018-04-12,876.0,5_9C_15PER_4_6C_NEWSTRUCTURE,0.30240604399236176,0.001518422915312441,-3.2127957081564404e-05,-0.013340330831580071,0.009992123405006742,9.984253014088351e-05,-0.02948434500233621,9.829510697057864e-05,0.02958264010930679,0.015307385779999998,-3.132483168316668e-07,33.50890495011492,36.80312790291116,37.344582,10.04163998333339
2018-04-12_cell_16,2018-04-12,1638.0,4_8C_80PER_4_8C_NEWSTRUCTURE,0.2910499694906899,0.0013145124635686846,1.540112055091545e-05,-0.005323302354980101,0.004495140289726133,2.020628622431914e-05,-0.013451995639618852,0.0045702543034450704,0.018022249943063923,0.015312616069999998,-5.252460066006057e-07,34.940582146689,37.831863057962785,38.21816186151848,11.040743116666663
2018-04-12_cell_17,2018-04-12,1315.0,5_3C_54PER_4C_NEWSTRUCTURE,0.3006361679029437,0.002454632115048425,-3.350420997415567e-05,-0.007236216829825155,0.006027586619356263,3.633180045384266e-05,-0.017882391550413823,0.00671793865907247,0.024600330209486293,0.015444837509999998,-1.7159385838582257e-06,35.0701249907806,37.399668947689364,38.138309,10.042114583333325
2018-04-12_cell_18,2018-04-12,1146.0,5_6C_19PER_4_6C_NEWSTRUCTURE,0.2983975442562976,0.0014599960024072147,-1.8877290126806967e-05,-0.010342257243667845,0.00746404070922622,5.571190370898626e-05,-0.02345576998165999,-9.146801283102697e-05,0.023364301968828965,0.01501670906,1.1682471047110507e-07,35.2895491601317,37.9685961949252,38.518787,10.043120649999981
2018-04-12_cell_19,2018-04-12,1155.0,5_6C_36PER_4_3C_NEWSTRUCTURE,0.29400024676031883,0.0018691495496563268,-1.1127462388697196e-05,-0.011545479663150093,0.008204064434852306,6.730667325120848e-05,-0.025293657704202555,5.381143367196202e-06,0.02529903884756975,0.015464905509999998,1.2386351635151734e-07,35.096922678438716,37.874381938922404,38.401493,10.04319876666662
2018-04-12_cell_20,2018-04-12,813.0,5C_67PER_4C_NEWSTRUCTURE,0.30554275197337555,0.001579783261233959,-4.2462687451371625e-06,-0.011919383387319954,0.009264620906153369,8.583320053473407e-05,-0.028071993572476917,-2.8411211548175675e-05,0.02804358236092874,0.0152651037,3.345280768077441e-07,33.10117160343903,35.73575315343805,36.232254,10.043364750000022
2018-04-12_cell_21,2018-04-12,772.0,3_7C_31PER_5_9C_NEWSTRUCTURE,0.27920396480048093,0.004337937694635386,-0.00013876478705135355,-0.02353870422305198,0.014055187938441774,0.00019754830798491912,-0.04327614857800555,5.415349908882445e-05,0.043330302077094374,0.014091463680000001,2.062780450045042e-06,34.89763562513402,37.91789788915317,38.317612,10.07912276666667
2018-04-12_cell_22,2018-04-12,1002.0,5_9C_60PER_3_1C_NEWSTRUCTURE,0.29090040126699407,0.001753044147579367,-3.5707329907323054e-05,-0.013722550516362944,0.009475209070470485,8.977958692912617e-05,-0.028409329718630083,-5.9000428325676763e-05,0.028350329290304406,0.01568802504,-4.0993092109203534e-07,34.60869711791826,37.530657648574746,37.97354076473168,10.042560166666604
2018-04-12_cell_23,2018-04-12,,4_8C_80PER_4_8C_NEWSTRUCTURE,0.29182389319719315,0.004464713019476231,4.1552345114226535e-05,-0.006808658684372332,0.005346936456625681,2.8589729471192788e-05,-0.01560831972082899,0.005290784439245244,0.020899104160074233,0.015262443050000001,-2.0138519651967731e-07,34.92795337287084,38.20120274723386,38.5191,11.038356266666655
2018-04-12_cell_24,2018-04-12,825.0,5C_67PER_4C_NEWSTRUCTURE,0.302645094740956,0.0022178148491129638,3.9973110212681814e-05,-0.010345482795288031,0.008363200381443375,6.994312062017459e-05,-0.0247723986145858,-8.601278481263643e-05,0.024686385829773165,0.01555621234,-1.9274345034500532e-07,34.68692543774402,37.23479966727514,37.871063,10.041844149999976
2018-04-12_cell_25,2018-04-12,989.0,5_3C_54PER_4C_NEWSTRUCTURE,0.3058849034641916,0.001870997503994777,5.87834325863655e-06,-0.010925821646167616,0.008447333251098293,7.135743905511085e-05,-0.026576249209760316,-9.83920753643615e-05,0.026477857134395957,0.015643412000000002,3.8496535253542336e-07,35.58083474119666,38.88370920104618,39.595110804534556,10.042412550000016
2018-04-12_cell_26,2018-04-12,1028.0,5_6C_19PER_4_6C_NEWSTRUCTURE,0.30502403666748756,0.0018652155195736993,2.352912731478151e-05,-0.01013959278346487,0.0077668745952744755,6.032434097872005e-05,-0.02417913926788795,5.3156508515146174e-05,0.024232295776403096,0.015594801479999998,2.3323705970612988e-07,35.744145079440855,39.138684508189556,39.786995,10.04228274999997
2018-04-12_cell_27,2018-04-12,850.0,5_6C_36PER_4_3C_NEWSTRUCTURE,0.3042857241660713,0.0019616729835438174,3.843873363437978e-05,-0.01070991087322853,0.008608626082068025,7.410844302086189e-05,-0.026600290807078597,0.00016253057717974684,0.026762821384258343,0.01492139064,1.656891209120316e-07,35.30704053711157,38.443267394830116,38.98098,10.04501170000002
2018-04-12_cell_28,2018-04-12,541.0,3_7C_31PER_5_9C_NEWSTRUCTURE,0.2961275129656367,0.0035828482989421475,-0.00011041688033806963,-0.03025611921470947,0.018800571601222463,0.00035346149253269254,-0.05783112055064066,3.0258096297149095e-05,0.05786137864693781,0.01341840246,4.132995535553638e-06,35.69503585363536,39.55881069772407,39.85648636436463,10.088379333333394
2018-04-12_cell_29,2018-04-12,858.0,5_9C_15PER_4_6C_NEWSTRUCTURE,0.3015438252582127,0.0013614498222602586,5.8085599548887925e-06,-0.011300575148553208,0.009294198633809009,8.638212824469724e-05,-0.028921475161164945,0.0002434664412601078,0.029164941602425054,0.01482580993,-1.1986352655264578e-06,31.262770102233162,31.681289998175462,31.999889,10.041969533333301
2018-04-12_cell_30,2018-04-12,935.0,5_3C_54PER_4C_NEWSTRUCTURE,0.3037551160595754,0.0014333044947550506,-1.0883767536797619e-05,-0.011137570899382837,0.008910195367561328,7.939158148811134e-05,-0.026737169755743473,6.694454111319092e-05,0.026804114296856665,0.015574562060000002,-6.04080408041048e-09,32.242770445878016,33.955655894480245,34.756857996430846,10.04344528333331
2018-04-12_cell_31,2018-04-12,731.0,5_9C_60PER_3_1C_NEWSTRUCTURE,0.3039775916718159,0.0016640081905826157,1.4365983931069088e-05,-0.01635054856148944,0.012028140357527091,0.00014467616046037193,-0.035619409739265695,8.180347755336339e-05,0.03570121321681906,0.01587661182,8.075487908790957e-07,33.99934624579011,36.77289772500682,37.242977,10.04570423333328
2018-04-12_cell_32,2018-04-12,,4_8C_80PER_4_8C_NEWSTRUCTURE,0.2913469101892956,0.001456165726146345,1.0943061348426619e-05,-0.0032569008987653743,0.004605996609463356,2.1215204766387927e-05,-0.01012140041626175,0.013679013186735062,0.02380041360299681,0.015374332259999998,-1.4931860906088832e-06,35.43328136368462,38.119828240013966,38.663817380662245,11.039470466666693
2018-04-12_cell_33,2018-04-12,1284.0,5C_67PER_4C_NEWSTRUCTURE,0.29292350221541796,0.0021263781252166963,-4.344915976251107e-05,-0.00784867836178756,0.006339439090185447,4.0188487978171294e-05,-0.019885925647910252,0.00011027979071102575,0.019996205438621278,0.015343473930000002,-4.465380798080311e-07,33.10620851106884,34.28531457281655,34.695709,10.043266033333353
2018-04-12_cell_34,2018-04-12,1158.0,5_3C_54PER_4C_NEWSTRUCTURE,0.29308731765913426,0.001147174209344435,3.456489650120177e-06,-0.00955200556777299,0.007033479851697211,4.946983882423062e-05,-0.02150989276991433,3.2994643437143575e-05,0.021542887413351475,0.01530397606,1.065499069907812e-07,35.77751733452584,38.986137122300555,39.49040963165045,10.043544616666672
2018-04-12_cell_35,2018-04-12,1093.0,5_6C_19PER_4_6C_NEWSTRUCTURE,0.29591827975379287,0.001525300824318657,5.77450799679719e-06,-0.009826425701495065,0.007630813777207344,5.8229318902417414e-05,-0.02302807515263361,9.043865599416001e-05,0.02311851380862777,0.015375660359999998,-6.512825682556061e-08,35.53070785023565,38.53573773732641,39.086731,10.04359398333331
2018-04-12_cell_36,2018-04-12,923.0,5_6C_36PER_4_3C_NEWSTRUCTURE,0.2938634889346254,0.0015818228980256936,2.2081417951249833e-05,-0.009908357469924613,0.007469147564161901,5.5788165335225655e-05,-0.022981813517992444,0.0001576289456491891,0.023139442463641635,0.01513591896,-8.864157215718912e-08,35.87707905775121,39.385265734517226,39.893036,10.043492250000025
2018-04-12_cell_37,2018-04-12,1390.0,4_8C_80PER_4_8C_NEWSTRUCTURE,0.28158413112310443,0.08925886705607212,7.660253176627053e-05,-0.001076797766325731,0.0028220978982253665,7.96423654716803e-06,-0.008439822988718593,0.013240420704929368,0.02168024369364796,0.014718332760000001,5.803857425741398e-07,35.01566783438418,37.821866391239226,38.20889912669421,11.038440433333296
2018-04-12_cell_38,2018-04-12,1935.0,5C_67PER_4C_NEWSTRUCTURE,0.29234702753430036,0.001489127616582642,-1.921475067010163e-05,-0.008693083372975452,0.006744868362557141,4.5493249228224246e-05,-0.020147005721674938,0.002919863667119077,0.023066869388794015,0.01583763829,-3.3038168016805576e-07,34.743831508087126,37.73701176388907,38.268311,10.043712449999965
2018-04-12_cell_39,2018-04-12,1156.0,5_3C_54PER_4C_NEWSTRUCTURE,0.28750462402979626,0.001816674500712244,1.1173557146243139e-05,-0.006428438589560583,0.005924919603900169,3.510467231268054e-05,-0.017457917694832736,0.005697707341902919,0.023155625036735655,0.015564932220000001,-5.92917491748602e-08,33.88624079961266,36.07485440375697,36.491322,10.043103450000004
2018-04-12_cell_40,2018-04-12,796.0,5_6C_19PER_4_6C_NEWSTRUCTURE,0.30283195157733717,0.0013169488820978367,1.737134558607914e-05,-0.009078861478925766,0.007119440462790883,5.068643250322407e-05,-0.022053794482172262,7.870441953502887e-05,0.022132498901707293,0.01539237993,-2.153816771677088e-06,34.05078155019701,37.52384046715492,38.358112,10.043767949999994
2018-04-12_cell_41,2018-04-12,786.0,5_6C_36PER_4_3C_NEWSTRUCTURE,0.3022761827279708,0.0018028729754069408,-2.3661159304807805e-05,-0.009748050525024678,0.007766857097199375,6.03240691683163e-05,-0.024192993699098664,2.005198008902913e-05,0.024213045679187695,0.01830944555,-9.52224560455962e-07,33.639374640057895,36.627600886306475,37.245838,10.043166433333276
2018-04-12_cell_42,2018-04-12,1642.0,4_8C_80PER_4_8C_NEWSTRUCTURE,0.30228538118546605,0.0027214467026904997,1.2089648804241915e-05,0.0007845194706261452,0.006712783760895484,4.5061465820542114e-05,-0.005609789046358671,0.02170209846647253,0.0273118875128312,0.016134806780000004,-4.920285556555594e-06,33.02954632330684,35.567796863982466,37.087307,11.038488366666636
2018-04-12_cell_43,2018-04-12,1046.0,5C_67PER_4C_NEWSTRUCTURE,0.29190389399776695,0.016473272148800566,0.00013895568702055602,-0.003266056933426803,0.006944260273380001,4.822275074444368e-05,-0.01297639899175873,0.01636229106242293,0.02933869005418166,0.0158306738,-3.072954359435992e-06,33.891919511346536,36.95027454276166,38.634735,10.043647099999939
2018-04-12_cell_44,2018-04-12,940.0,5_3C_54PER_4C_NEWSTRUCTURE,0.30172918182271524,0.0012871679215786455,-7.3625222488799966e-06,-0.011231061096491921,0.00859512582612945,7.387618796699746e-05,-0.02598513188750473,-5.684970389612063e-05,0.02592828218360861,0.015574222660000001,-1.356860726071858e-07,33.350873108759004,36.33391749012359,36.881859,10.043223416666626
2018-04-12_cell_45,2018-04-12,1801.0,4_8C_80PER_4_8C_NEWSTRUCTURE,0.296420937911895,0.0017871473109028874,2.894715943804869e-05,-0.007131752461986142,0.005490028509211527,3.014041303195534e-05,-0.016477960740300612,-5.285843256575478e-05,0.01642510230773486,0.015620286640000001,-2.077549234923298e-07,32.724855320443154,34.68002467582143,35.085537,11.03858153333335
